{
   "MAE": 0.5937943431948137,
   "MSE": 1.1884320437551394,
   "RMSE": 1.0901523030086848,
   "RMSLE": 0.28660210495390276
}