{
   "MAE": 0.612732081998067,
   "MSE": 1.308286789765502,
   "RMSE": 1.1438036500053241,
   "RMSLE": 0.2909832312243338
}