{
   "MAE": 6.039599036902716,
   "MSE": 53.090550657982156,
   "RMSE": 7.286326279956324
}